Team,Turnover %,Get fouled rate,2 pt rate,2 pt percentage,3 pt rate,3 pt percentage,Dreb percentage,Oreb percentage,Ft percentage,Poss/Game,ORTG,DRTG,Opponent DRTG
Abl Christian,0.202,0.261,0.672,0.479,0.328,0.31,0.738,0.275,0.704,71.2,101.2,107.8,108.3
Air Force,0.215,0.259,0.582,0.511,0.418,0.306,0.703,0.193,0.641,68.7,95.9,115.6,107
Akron,0.151,0.221,0.552,0.588,0.448,0.382,0.724,0.323,0.754,72.7,118.9,106.9,112.1
Alabama,0.127,0.251,0.457,0.57,0.543,0.358,0.697,0.3,0.767,76.9,129.6,102.4,102.4
Alabama A&M,0.161,0.279,0.66,0.475,0.34,0.35,0.727,0.251,0.738,69.1,104.1,116.7,113
Alabama St,0.179,0.239,0.615,0.468,0.385,0.318,0.705,0.302,0.705,72.9,99.4,113.7,111.1
Albany,0.18,0.201,0.624,0.528,0.376,0.326,0.703,0.299,0.659,67.6,103.3,118.3,112.3
Alcorn St,0.191,0.216,0.663,0.465,0.337,0.333,0.662,0.248,0.708,71.2,96.5,116.6,110.8
American,0.153,0.243,0.535,0.533,0.465,0.329,0.717,0.248,0.758,68,105.6,112.1,113.4
App State,0.148,0.289,0.541,0.536,0.459,0.304,0.74,0.306,0.645,66.4,106,108.3,112.7
AR-Pine Bluff,0.183,0.232,0.628,0.498,0.372,0.336,0.664,0.254,0.755,73,104.2,117.4,111.5
Arizona,0.147,0.273,0.736,0.552,0.264,0.367,0.757,0.382,0.735,73,128.7,89.7,102.8
Arizona St,0.166,0.273,0.616,0.517,0.384,0.334,0.678,0.271,0.753,72.6,116,103.5,103.3
Arkansas,0.119,0.236,0.67,0.56,0.33,0.382,0.708,0.3,0.751,75.4,127.9,102.4,103.8
Arkansas St,0.194,0.26,0.551,0.536,0.449,0.329,0.75,0.378,0.733,74.9,110.7,109.4,111.2
Army,0.168,0.23,0.467,0.507,0.533,0.32,0.743,0.272,0.717,70.3,100.1,118.7,113.7
Auburn,0.141,0.271,0.598,0.541,0.402,0.342,0.715,0.345,0.743,71.4,125.5,106.4,103.3
Austin Peay,0.151,0.252,0.62,0.53,0.38,0.353,0.725,0.278,0.734,71.5,108.1,108.5,115.1
Ball St,0.158,0.229,0.606,0.47,0.394,0.314,0.704,0.241,0.71,67.7,98.5,110.1,112.3
Baylor,0.158,0.25,0.606,0.551,0.394,0.344,0.707,0.35,0.734,71.1,122.9,106,102.1
Bellarmine,0.152,0.259,0.588,0.61,0.412,0.381,0.664,0.208,0.788,67.8,116.5,126.3,113.5
Belmont,0.177,0.244,0.543,0.606,0.457,0.41,0.728,0.275,0.686,72.1,120.6,108.6,108.7
Bethune,0.187,0.253,0.703,0.516,0.297,0.331,0.711,0.282,0.697,73.6,103.7,110.2,112.1
Binghamton,0.183,0.258,0.691,0.506,0.309,0.325,0.736,0.181,0.753,68.2,97.7,123.2,114.1
Boise St,0.166,0.286,0.569,0.527,0.431,0.343,0.779,0.319,0.787,69.5,117.4,103.9,105.6
Boston College,0.15,0.247,0.576,0.491,0.424,0.294,0.735,0.259,0.653,69.2,103.6,102.9,106.9
Boston U,0.174,0.23,0.562,0.569,0.438,0.388,0.745,0.258,0.734,66.7,111.8,120,113
Bowling Green,0.162,0.26,0.658,0.519,0.342,0.344,0.75,0.261,0.723,72.1,107.3,105.9,111.8
Bradley,0.137,0.254,0.595,0.491,0.405,0.361,0.733,0.256,0.74,71.1,111.9,108.9,108.4
Brown,0.19,0.221,0.637,0.504,0.363,0.303,0.726,0.264,0.684,69.8,98,108.9,112
Bryant,0.197,0.219,0.521,0.487,0.479,0.3,0.71,0.246,0.76,67.2,96.7,119.7,111.6
Bucknell,0.186,0.237,0.573,0.504,0.427,0.306,0.701,0.247,0.768,69.1,98.2,115,113.1
Buffalo,0.158,0.25,0.545,0.541,0.455,0.38,0.708,0.256,0.737,69.6,112.5,115.4,111.4
Butler,0.155,0.276,0.651,0.519,0.349,0.327,0.723,0.317,0.719,73.2,116.3,106.5,104.2
BYU,0.149,0.255,0.602,0.563,0.398,0.345,0.733,0.322,0.747,72.6,125.1,102.3,102.2
C Arkansas,0.15,0.237,0.513,0.547,0.487,0.355,0.746,0.262,0.707,71.9,110.2,109,114.7
C Connecticut,0.159,0.245,0.651,0.505,0.349,0.358,0.709,0.255,0.767,66.9,104.8,117.5,113.4
C Michigan,0.178,0.239,0.66,0.522,0.34,0.339,0.671,0.278,0.697,69.7,105.9,115.1,110.2
Cal Baptist,0.175,0.256,0.68,0.474,0.32,0.334,0.744,0.357,0.713,70,107.8,101.7,108.9
Cal Poly,0.194,0.251,0.474,0.537,0.526,0.33,0.719,0.278,0.785,78.3,109.4,113.3,107.6
California,0.147,0.25,0.569,0.506,0.431,0.369,0.729,0.225,0.774,72,114.5,103.5,106.7
Campbell,0.172,0.277,0.631,0.512,0.369,0.323,0.684,0.313,0.725,71.5,111.2,112.9,108.7
Canisius,0.191,0.232,0.605,0.44,0.395,0.333,0.723,0.269,0.719,66.3,95.5,114.4,112.2
Charleston,0.153,0.273,0.619,0.534,0.381,0.306,0.707,0.278,0.736,70.9,108.1,108.4,111.3
Charleston So,0.18,0.226,0.505,0.546,0.495,0.356,0.726,0.281,0.648,77.3,105.9,112.2,112.4
Charlotte,0.176,0.249,0.546,0.538,0.454,0.352,0.692,0.32,0.716,67.2,113.4,114.5,108.7
Chattanooga,0.141,0.24,0.508,0.558,0.492,0.35,0.701,0.201,0.774,68.9,105.5,117.7,114.9
Chicago St,0.151,0.221,0.691,0.44,0.309,0.321,0.671,0.238,0.75,68.2,99.5,119,110.4
Cincinnati,0.166,0.226,0.562,0.502,0.438,0.339,0.75,0.29,0.681,71,111.3,94,104
Clemson,0.138,0.27,0.569,0.536,0.431,0.341,0.753,0.264,0.725,66.9,116.6,98.1,105
Cleveland St,0.174,0.26,0.492,0.52,0.508,0.375,0.647,0.236,0.762,73.2,109.5,124.1,111.9
Coastal Car,0.15,0.235,0.569,0.461,0.431,0.335,0.737,0.256,0.731,71.2,101.9,108.7,111.9
Colgate,0.143,0.234,0.65,0.532,0.35,0.356,0.725,0.244,0.747,70.1,107.8,114.9,113.4
Colorado,0.142,0.255,0.648,0.53,0.352,0.352,0.731,0.271,0.761,72.7,118.5,106.5,104.8
Colorado St,0.182,0.285,0.509,0.571,0.491,0.386,0.715,0.279,0.77,65.6,118.6,109.3,107.1
Columbia,0.188,0.224,0.625,0.532,0.375,0.359,0.746,0.325,0.701,69.8,108.5,110.7,111.9
Coppin St,0.217,0.253,0.648,0.458,0.352,0.307,0.669,0.276,0.672,71,92.2,119.6,112
Cornell,0.156,0.24,0.484,0.597,0.516,0.383,0.716,0.283,0.74,73.6,119.9,119.6,109.9
Creighton,0.162,0.232,0.518,0.546,0.482,0.344,0.715,0.256,0.763,70.3,116.3,104.6,103
CS Bakersfield,0.183,0.258,0.711,0.466,0.289,0.29,0.676,0.284,0.738,74.8,101.9,117.4,107.8
CS Fullerton,0.148,0.257,0.569,0.514,0.431,0.342,0.744,0.216,0.716,77.3,109.3,109.3,108.4
CS Northridge,0.17,0.238,0.664,0.526,0.336,0.324,0.755,0.288,0.668,77.9,108.9,109.6,108.3
Dartmouth,0.173,0.255,0.513,0.494,0.487,0.361,0.723,0.219,0.742,71.1,104.8,114.3,111
Davidson,0.155,0.249,0.555,0.522,0.445,0.354,0.719,0.265,0.639,66.3,110,104.5,107.5
Dayton,0.166,0.288,0.586,0.521,0.414,0.339,0.737,0.25,0.754,69.7,111.7,99.6,107
Delaware,0.179,0.222,0.538,0.517,0.462,0.368,0.7,0.183,0.786,66.5,104.6,115.7,110.3
Delaware St,0.195,0.237,0.711,0.431,0.289,0.284,0.688,0.256,0.689,67.9,87.2,114.3,114.1
Denver,0.14,0.261,0.614,0.526,0.386,0.368,0.697,0.287,0.771,70.9,116.1,122.3,110.9
DePaul,0.173,0.25,0.609,0.505,0.391,0.325,0.716,0.284,0.692,69.4,107.5,100.2,105.4
Detroit Mercy,0.157,0.248,0.693,0.481,0.307,0.351,0.71,0.317,0.789,71.4,108,112.2,112.2
Drake,0.147,0.246,0.543,0.517,0.457,0.34,0.702,0.242,0.714,69.8,109.8,112.8,107.7
Drexel,0.185,0.248,0.6,0.49,0.4,0.355,0.719,0.295,0.665,67,102.4,107.2,111
Duke,0.156,0.265,0.564,0.602,0.436,0.347,0.774,0.368,0.729,68.4,128,90.7,102.7
Duquesne,0.173,0.248,0.556,0.545,0.444,0.331,0.717,0.285,0.715,71.9,111,107.2,107.9
E Carolina,0.166,0.258,0.689,0.475,0.311,0.293,0.69,0.302,0.7,72.1,103.9,111,110
E Illinois,0.181,0.235,0.701,0.449,0.299,0.317,0.666,0.256,0.744,68.7,96.9,111.9,110.9
E Kentucky,0.165,0.232,0.492,0.516,0.508,0.35,0.699,0.316,0.724,71.4,109.2,120.9,113
E Michigan,0.17,0.225,0.682,0.5,0.318,0.324,0.728,0.254,0.732,70.5,101.9,108.5,110.4
E Tennessee St,0.149,0.227,0.622,0.572,0.378,0.347,0.744,0.272,0.747,68.4,109.8,109.2,114.8
E Texas A&M,0.188,0.216,0.538,0.512,0.462,0.313,0.686,0.231,0.679,70,100.8,111.6,109
E Washington,0.173,0.267,0.653,0.536,0.347,0.359,0.72,0.289,0.743,71.1,113.1,113.3,109.4
Elon,0.156,0.244,0.568,0.528,0.432,0.343,0.685,0.314,0.714,70.7,110.1,116,111
Evansville,0.187,0.236,0.569,0.499,0.431,0.322,0.71,0.203,0.736,69.3,101.8,115,106.7
F Dickinson,0.176,0.26,0.548,0.486,0.452,0.303,0.751,0.292,0.701,66.3,100.9,118.5,112
Fairfield,0.15,0.232,0.646,0.482,0.354,0.332,0.729,0.346,0.705,69,106,113.9,112.5
FGCU,0.155,0.228,0.616,0.533,0.384,0.332,0.747,0.288,0.721,72,105.7,112.3,114
Florida,0.16,0.267,0.63,0.585,0.37,0.312,0.776,0.43,0.712,73.8,126,92.4,103.6
Florida A&M,0.21,0.251,0.623,0.494,0.377,0.326,0.712,0.292,0.703,72.3,98.1,111,112.8
Florida Atlantic,0.172,0.237,0.618,0.536,0.382,0.333,0.743,0.302,0.703,72.8,110,106.4,108.1
Florida Intl,0.172,0.246,0.673,0.499,0.327,0.347,0.684,0.322,0.694,74.6,107.6,109.6,110.1
Florida St,0.149,0.244,0.494,0.551,0.506,0.331,0.671,0.293,0.713,73.3,118.2,105.1,104.3
Fordham,0.168,0.242,0.617,0.519,0.383,0.289,0.752,0.333,0.702,66.2,104.9,104.2,110.1
Fresno St,0.178,0.255,0.591,0.523,0.409,0.321,0.708,0.253,0.751,70.8,107.7,104.4,107.5
Furman,0.174,0.248,0.535,0.588,0.465,0.334,0.736,0.29,0.701,68.7,108.1,109.6,114.1
G Washington,0.178,0.237,0.53,0.559,0.47,0.351,0.726,0.346,0.723,71.5,117.4,108,107.3
Gardner-Webb,0.194,0.211,0.602,0.486,0.398,0.31,0.638,0.207,0.685,72.2,95.7,122,109.9
George Mason,0.154,0.285,0.648,0.543,0.352,0.333,0.74,0.291,0.725,66.3,113.1,106,109.6
Georgetown,0.154,0.253,0.648,0.507,0.352,0.318,0.707,0.314,0.74,69.3,114.9,103.6,103.4
Georgia,0.139,0.246,0.557,0.57,0.443,0.338,0.677,0.325,0.75,76.7,124.1,104.8,105.1
Georgia So,0.142,0.247,0.511,0.527,0.489,0.334,0.671,0.262,0.743,74,110.3,116.3,111.8
Georgia St,0.155,0.261,0.576,0.429,0.424,0.306,0.68,0.248,0.786,70.9,99.4,112.4,111.3
Georgia Tech,0.181,0.23,0.668,0.487,0.332,0.351,0.72,0.264,0.711,73.9,107.5,107.3,106.1
Gonzaga,0.133,0.24,0.692,0.582,0.308,0.333,0.763,0.341,0.707,72,121.1,94.1,107.3
Grambling,0.207,0.252,0.619,0.489,0.381,0.323,0.692,0.284,0.729,70.9,97,108.6,112.6
Grand Canyon,0.174,0.287,0.611,0.542,0.389,0.318,0.757,0.312,0.753,70.1,111.3,97.7,107.9
Green Bay,0.156,0.263,0.627,0.55,0.373,0.364,0.73,0.226,0.775,66.8,112.7,116.2,112.2
Hampton,0.165,0.278,0.629,0.471,0.371,0.288,0.728,0.289,0.725,68.9,102.4,111.8,110.4
Harvard,0.171,0.212,0.598,0.54,0.402,0.347,0.74,0.248,0.808,66.2,106.6,105.5,111.6
Hawai'i,0.184,0.273,0.602,0.549,0.398,0.317,0.767,0.29,0.735,74.6,107.2,101.6,110.1
High Point,0.125,0.264,0.564,0.57,0.436,0.342,0.707,0.302,0.743,73.4,117.5,107.9,112.7
Hofstra,0.157,0.247,0.572,0.481,0.428,0.371,0.715,0.334,0.758,67.9,114.4,105.3,109.1
Holy Cross,0.15,0.23,0.627,0.504,0.373,0.325,0.74,0.192,0.772,67,100.9,117.4,113.3
Hou Christian,0.184,0.239,0.635,0.509,0.365,0.317,0.697,0.274,0.694,66.5,103,114.1,110
Houston,0.124,0.236,0.593,0.517,0.407,0.347,0.728,0.338,0.773,67.1,124.7,90.7,103.4
Howard,0.187,0.27,0.653,0.494,0.347,0.358,0.716,0.326,0.74,71.7,104.9,107.5,114.6
Idaho,0.146,0.262,0.53,0.516,0.47,0.341,0.783,0.25,0.726,71.3,108.4,107.4,111
Idaho St,0.167,0.279,0.581,0.529,0.419,0.336,0.733,0.316,0.741,68.3,109.4,116.8,110
Illinois,0.129,0.276,0.502,0.579,0.498,0.348,0.745,0.39,0.78,68,131.7,97.4,103.1
Illinois Chicago,0.172,0.261,0.672,0.51,0.328,0.316,0.695,0.342,0.725,69.8,110.4,105,108.6
Illinois St,0.165,0.249,0.568,0.546,0.433,0.349,0.767,0.266,0.712,69,110.4,103,108.6
Incarnate Word,0.167,0.252,0.609,0.477,0.391,0.361,0.705,0.297,0.712,67.2,108.9,117.4,109.1
Indiana,0.147,0.25,0.495,0.603,0.505,0.347,0.726,0.243,0.78,69,120.6,103.3,104.4
Indiana St,0.191,0.212,0.548,0.574,0.452,0.316,0.7,0.228,0.678,71.7,106.1,109.3,107.8
Iona,0.168,0.223,0.541,0.512,0.459,0.351,0.711,0.246,0.707,71.6,104.1,111.7,112.7
Iowa,0.148,0.27,0.57,0.586,0.43,0.356,0.73,0.283,0.769,64.3,123.7,100.3,103.1
Iowa St,0.146,0.244,0.611,0.555,0.389,0.382,0.729,0.327,0.675,70,123.6,91.5,103.2
IU Indy,0.156,0.193,0.579,0.548,0.421,0.324,0.65,0.264,0.721,76.7,105.6,119.4,112.6
J Madison,0.169,0.241,0.575,0.532,0.425,0.354,0.732,0.287,0.703,69.4,109.2,113.2,111.7
Jackson St,0.19,0.247,0.567,0.446,0.433,0.314,0.638,0.272,0.758,73.4,100.2,118.9,111.3
Jacksonville,0.169,0.239,0.626,0.515,0.374,0.317,0.728,0.302,0.723,67,103.1,114.6,113.2
Jacksonville St,0.165,0.273,0.619,0.474,0.381,0.357,0.752,0.278,0.684,68.2,105.3,108.5,110.8
Kansas,0.152,0.226,0.648,0.509,0.352,0.346,0.727,0.279,0.767,70.5,117.7,93.5,101
Kansas City,0.178,0.234,0.632,0.476,0.368,0.284,0.653,0.245,0.662,73.3,92,117.4,111.9
Kansas St,0.171,0.206,0.59,0.524,0.41,0.364,0.671,0.271,0.71,75.4,113.4,106.5,103.3
Kennesaw St,0.162,0.274,0.575,0.505,0.425,0.334,0.724,0.335,0.701,74.7,110.7,109.5,110
Kent St,0.175,0.278,0.551,0.506,0.449,0.35,0.736,0.335,0.744,75.4,111.1,110.5,111.9
Kentucky,0.151,0.253,0.603,0.547,0.397,0.342,0.718,0.321,0.727,71.5,120.4,99.3,103
La Salle,0.177,0.253,0.685,0.456,0.315,0.3,0.703,0.308,0.725,68.5,105.9,111.5,106
Lafayette,0.15,0.25,0.602,0.5,0.398,0.322,0.722,0.233,0.689,68.4,100.7,116.1,113.1
Lamar,0.176,0.23,0.661,0.47,0.339,0.329,0.735,0.342,0.707,67.9,103.2,109.5,109.9
Le Moyne,0.188,0.252,0.592,0.535,0.408,0.343,0.723,0.229,0.718,70.5,102.1,113.9,113.4
Lehigh,0.174,0.24,0.617,0.522,0.383,0.361,0.695,0.212,0.726,69.9,102,113.1,113.8
Liberty,0.131,0.239,0.523,0.602,0.477,0.386,0.689,0.164,0.714,66.5,117.9,113.2,109.1
Lindenwood,0.181,0.241,0.693,0.496,0.307,0.294,0.716,0.311,0.674,75.3,100.5,109.1,112.2
Lipscomb,0.157,0.213,0.521,0.545,0.479,0.357,0.707,0.238,0.749,72,106.9,109.8,114.2
Little Rock,0.18,0.21,0.69,0.479,0.31,0.353,0.646,0.297,0.68,69.2,102.8,115.8,110.1
LIU,0.185,0.247,0.707,0.524,0.293,0.358,0.698,0.331,0.667,70.1,105.7,109.7,113.4
Long Beach St,0.176,0.231,0.652,0.515,0.348,0.327,0.744,0.233,0.725,73.5,105.6,111.5,107.9
Longwood,0.187,0.266,0.652,0.511,0.348,0.314,0.742,0.339,0.74,72.9,103.6,112.6,113
Louisiana,0.163,0.229,0.595,0.449,0.405,0.336,0.72,0.263,0.704,66.1,100.2,113.5,111.1
Louisiana Tech,0.177,0.239,0.666,0.497,0.334,0.285,0.719,0.357,0.672,67.5,103.1,105.8,111.1
Louisville,0.165,0.244,0.471,0.594,0.529,0.36,0.748,0.316,0.761,72.4,123.4,98.9,103.4
Loyola Chi,0.193,0.248,0.523,0.519,0.477,0.317,0.724,0.283,0.673,67.8,103.6,113.5,107.6
Loyola MD,0.151,0.226,0.528,0.519,0.472,0.326,0.738,0.256,0.715,71.1,104.2,119.2,113.4
Loyola Mymt,0.171,0.245,0.596,0.516,0.404,0.348,0.7,0.245,0.695,70.5,106.5,105.9,109.3
LSU,0.153,0.263,0.655,0.545,0.345,0.331,0.708,0.32,0.764,72,119.9,106.7,105
Maine,0.186,0.258,0.63,0.512,0.37,0.312,0.685,0.165,0.643,66.7,91.7,112,113.2
Manhattan,0.153,0.24,0.629,0.478,0.371,0.32,0.633,0.263,0.796,70.3,104.6,120.8,111.6
Marist,0.165,0.216,0.654,0.498,0.346,0.322,0.734,0.273,0.781,68.1,99.8,102.7,112.9
Marquette,0.156,0.233,0.579,0.526,0.421,0.318,0.68,0.273,0.675,72.9,112.1,102.1,104.3
Marshall,0.161,0.233,0.557,0.546,0.443,0.368,0.685,0.302,0.73,72.7,112.1,115.3,111.8
Maryland,0.181,0.253,0.531,0.486,0.469,0.317,0.735,0.316,0.722,68.8,111.3,106.8,102.8
Maryland ES,0.233,0.251,0.665,0.499,0.335,0.29,0.683,0.307,0.715,67.3,94.7,115.4,113
McNeese,0.137,0.253,0.648,0.523,0.352,0.317,0.684,0.335,0.744,69.1,114.5,102,109.4
Memphis,0.183,0.245,0.663,0.494,0.337,0.316,0.669,0.331,0.721,74.1,107.5,104.6,106.8
Mercer,0.147,0.272,0.608,0.53,0.392,0.356,0.683,0.309,0.73,71.2,111.9,113.8,113.8
Mercyhurst,0.139,0.23,0.689,0.5,0.311,0.321,0.725,0.238,0.741,67.3,101.3,112,113.6
Merrimack,0.145,0.252,0.539,0.491,0.461,0.327,0.608,0.225,0.788,66,106.7,107.3,111
Miami,0.158,0.252,0.681,0.567,0.319,0.349,0.763,0.344,0.683,70.9,121,100.4,105.8
Miami OH,0.14,0.264,0.544,0.61,0.456,0.371,0.732,0.235,0.749,73.6,117.1,108.5,112.2
Michigan,0.159,0.264,0.581,0.613,0.419,0.369,0.755,0.339,0.742,73.4,128.2,89.3,102.5
Michigan St,0.168,0.272,0.636,0.534,0.364,0.363,0.8,0.363,0.764,68.9,123.1,94.3,104.2
Middle Tenn,0.167,0.23,0.547,0.523,0.453,0.338,0.726,0.278,0.702,69.9,109.3,109.8,108.9
Milwaukee,0.148,0.245,0.619,0.508,0.381,0.323,0.729,0.308,0.687,70.8,106.6,115.4,112.2
Minnesota,0.161,0.258,0.528,0.563,0.472,0.342,0.74,0.242,0.694,65.4,113.6,103.5,105.7
Miss Valley St,0.214,0.243,0.698,0.456,0.302,0.295,0.657,0.241,0.716,71.7,90.5,121.7,112.2
Mississippi,0.136,0.243,0.645,0.508,0.355,0.332,0.701,0.258,0.749,71.5,114.2,101.5,104.5
Mississippi St,0.157,0.226,0.599,0.534,0.401,0.324,0.711,0.277,0.66,73.9,112.8,105.8,104.5
Missouri,0.173,0.261,0.635,0.565,0.365,0.35,0.71,0.322,0.691,70.8,119.3,104.3,105
Missouri St,0.162,0.27,0.587,0.522,0.413,0.33,0.698,0.28,0.673,69.5,109.2,112.1,109.8
Monmouth,0.162,0.243,0.656,0.487,0.344,0.342,0.685,0.294,0.75,69.4,106.1,107.2,110.1
Montana,0.192,0.236,0.582,0.565,0.418,0.366,0.72,0.179,0.773,72.5,106.7,108.7,110.5
Montana St,0.145,0.237,0.553,0.531,0.447,0.361,0.733,0.251,0.74,69.1,111,108.2,110.8
Morehead St,0.176,0.269,0.695,0.497,0.305,0.32,0.667,0.346,0.741,69.1,106.9,117.4,111.3
Morgan St,0.171,0.265,0.648,0.449,0.352,0.317,0.674,0.268,0.743,73.5,99.5,121.1,113.4
Mt St Mary's,0.22,0.227,0.574,0.518,0.426,0.327,0.727,0.317,0.674,69.3,99.6,109,111.6
Murray St,0.16,0.268,0.552,0.55,0.448,0.35,0.714,0.319,0.755,73.8,116,112.4,108.7
N Alabama,0.171,0.257,0.663,0.491,0.337,0.307,0.7,0.283,0.684,68,99.6,118.9,113.7
N Arizona,0.157,0.241,0.633,0.507,0.367,0.356,0.678,0.219,0.689,66.7,105.1,119.8,110.8
N Colorado,0.151,0.215,0.585,0.581,0.415,0.35,0.781,0.241,0.758,72.9,112.2,110.7,111.5
N Dakota St,0.153,0.225,0.572,0.533,0.428,0.354,0.766,0.311,0.714,70.7,111.6,107,112.3
N Florida,0.175,0.213,0.483,0.534,0.517,0.35,0.636,0.225,0.778,73.9,107,124.5,111.6
N Illinois,0.213,0.254,0.55,0.485,0.45,0.309,0.708,0.275,0.657,70.7,97,114.5,110.5
N Iowa,0.141,0.224,0.609,0.549,0.391,0.347,0.752,0.195,0.692,65.2,109.8,98.8,108.1
N Kentucky,0.159,0.262,0.551,0.555,0.449,0.336,0.701,0.305,0.721,73.1,109.6,110.2,114.5
N Texas,0.163,0.258,0.677,0.474,0.323,0.287,0.705,0.319,0.7,69.6,103.7,101,109
Navy,0.165,0.28,0.669,0.527,0.331,0.358,0.744,0.305,0.736,67.3,107.7,106.1,115.2
NC A&T,0.181,0.271,0.673,0.523,0.327,0.316,0.735,0.294,0.735,71.3,105.2,116.3,111.4
NC Asheville,0.17,0.273,0.664,0.501,0.336,0.351,0.698,0.282,0.684,69.5,105,111.5,111.7
NC Central,0.177,0.256,0.661,0.467,0.339,0.326,0.619,0.272,0.738,68.5,100.1,121.1,112.5
NC Greensboro,0.146,0.268,0.598,0.51,0.402,0.356,0.718,0.254,0.704,70.8,107.7,119.8,114.3
NC State,0.128,0.237,0.566,0.526,0.434,0.388,0.708,0.264,0.768,71.6,123.1,103.9,104.4
NC Wilmington,0.145,0.273,0.612,0.491,0.388,0.35,0.756,0.344,0.687,67.9,111.3,106.3,111.4
Nebraska,0.142,0.223,0.489,0.58,0.511,0.355,0.747,0.255,0.755,68.5,119.5,92.9,104.6
Nevada,0.145,0.291,0.677,0.482,0.323,0.358,0.748,0.307,0.757,69.2,115.7,103.8,106.6
New Hampshire,0.162,0.229,0.569,0.474,0.431,0.305,0.756,0.237,0.651,70.5,95.3,116,112.6
New Haven,0.173,0.242,0.602,0.51,0.398,0.302,0.746,0.192,0.702,64.7,96.2,112.3,112.5
New Mexico,0.146,0.263,0.581,0.536,0.419,0.356,0.736,0.292,0.727,71.9,117.5,100.5,106.5
New Mexico St,0.146,0.24,0.613,0.485,0.387,0.324,0.719,0.311,0.735,69.9,109,110.3,109.7
New Orleans,0.198,0.286,0.663,0.506,0.337,0.318,0.683,0.336,0.743,72.4,109.8,112,107.9
Niagara,0.184,0.237,0.595,0.505,0.405,0.337,0.701,0.216,0.722,65.1,99.8,118.1,112.1
Nicholls,0.17,0.24,0.561,0.512,0.439,0.333,0.68,0.27,0.662,69.9,105.8,112.1,108.6
NJIT,0.167,0.239,0.599,0.475,0.401,0.304,0.7,0.238,0.705,69.6,96.6,113.5,112.8
Norfolk St,0.182,0.261,0.694,0.484,0.306,0.342,0.69,0.296,0.681,70.9,101.5,116.8,113.3
North Carolina,0.135,0.256,0.578,0.565,0.422,0.342,0.756,0.288,0.682,71.1,120.7,100.6,104.3
North Dakota,0.138,0.258,0.594,0.497,0.406,0.327,0.689,0.258,0.695,71.1,106.8,116.6,111.8
Northeastern,0.16,0.228,0.622,0.536,0.378,0.337,0.717,0.251,0.69,71.4,107.5,118.3,110.1
Northwestern,0.127,0.242,0.66,0.529,0.34,0.33,0.677,0.256,0.751,67.3,117.6,104.1,104.2
Notre Dame,0.165,0.26,0.565,0.514,0.435,0.356,0.763,0.293,0.697,69.5,115.5,107,104.5
NW State,0.178,0.278,0.661,0.48,0.339,0.332,0.691,0.233,0.74,67.1,102.3,112.5,108.7
Oakland,0.143,0.257,0.66,0.53,0.34,0.347,0.676,0.284,0.751,73.1,115.4,115.1,110.7
Ohio,0.151,0.268,0.619,0.545,0.381,0.301,0.692,0.264,0.71,72.7,107.9,113.7,110.4
Ohio St,0.15,0.272,0.599,0.58,0.401,0.357,0.715,0.274,0.777,68.7,124,101.9,103.1
Oklahoma,0.139,0.25,0.559,0.548,0.441,0.364,0.696,0.317,0.751,71.2,123.8,105.5,104.3
Oklahoma St,0.154,0.241,0.645,0.526,0.355,0.339,0.713,0.282,0.745,76.6,119.5,108.7,103.2
Old Dominion,0.151,0.239,0.638,0.488,0.362,0.36,0.716,0.23,0.733,72.6,106.1,113.1,111.5
Omaha,0.157,0.247,0.591,0.53,0.409,0.34,0.731,0.226,0.732,70.6,106.1,114.4,111.7
Oral Roberts,0.181,0.236,0.544,0.511,0.456,0.32,0.7,0.266,0.74,71.4,102,115.2,111.6
Oregon,0.172,0.242,0.572,0.505,0.428,0.321,0.695,0.308,0.732,68.3,111.8,104.7,103.9
Oregon St,0.174,0.288,0.557,0.488,0.443,0.35,0.693,0.248,0.772,68.6,109.2,110,107.4
Pacific,0.195,0.231,0.647,0.513,0.353,0.358,0.775,0.323,0.755,67.9,110.7,105.4,107.8
Penn,0.15,0.257,0.646,0.465,0.354,0.383,0.704,0.283,0.694,71,107.6,106.6,109.8
Penn St,0.153,0.246,0.619,0.558,0.381,0.324,0.698,0.238,0.75,68.7,114.2,111.9,105.1
Pepperdine,0.179,0.258,0.608,0.48,0.392,0.314,0.674,0.259,0.758,71.8,105.3,113.6,107.4
Pittsburgh,0.169,0.238,0.574,0.517,0.426,0.334,0.743,0.317,0.674,66.6,113.6,106.4,104.6
Portland,0.192,0.243,0.646,0.547,0.354,0.299,0.702,0.26,0.74,72,106.1,109.2,107.8
Portland St,0.165,0.249,0.656,0.515,0.344,0.326,0.763,0.268,0.71,71.6,103.5,102.2,112.1
Prairie View,0.154,0.271,0.694,0.465,0.306,0.329,0.661,0.239,0.756,74.4,101.2,111.4,112.8
Presbyterian,0.188,0.251,0.72,0.523,0.28,0.316,0.721,0.315,0.685,68.7,103.3,112.2,112.1
Princeton,0.167,0.246,0.555,0.486,0.445,0.339,0.742,0.247,0.748,66.6,105.5,112.7,110.2
Providence,0.162,0.244,0.595,0.553,0.405,0.364,0.722,0.296,0.757,76.2,121.3,109.1,103.1
Purdue,0.134,0.251,0.598,0.577,0.402,0.383,0.743,0.35,0.746,66.6,131.6,100.5,102.7
Purdue FW,0.142,0.228,0.546,0.537,0.454,0.341,0.673,0.203,0.707,70.7,105.4,113.2,112.4
Queens,0.144,0.254,0.535,0.589,0.465,0.357,0.693,0.284,0.749,72.9,115.8,117.6,114
Quinnipiac,0.156,0.229,0.663,0.467,0.337,0.34,0.694,0.33,0.691,71.5,104.4,108.5,111.6
Radford,0.166,0.272,0.546,0.523,0.454,0.335,0.705,0.265,0.71,75.8,106.4,114,113.1
Rhode Island,0.187,0.273,0.565,0.528,0.435,0.311,0.709,0.295,0.721,68.2,106.1,103.4,108.7
Rice,0.172,0.249,0.559,0.462,0.441,0.343,0.693,0.336,0.681,70.4,108.9,113.8,109
Richmond,0.14,0.255,0.574,0.506,0.426,0.369,0.707,0.229,0.747,70.1,111.6,110.5,109.3
Rider,0.165,0.23,0.725,0.433,0.275,0.277,0.682,0.309,0.701,67.2,95.9,120.1,110.6
Robert Morris,0.182,0.243,0.593,0.535,0.407,0.38,0.724,0.367,0.694,68.7,110.8,109.1,113.7
Rutgers,0.146,0.259,0.658,0.465,0.342,0.324,0.703,0.283,0.741,69.2,110.2,106.5,104
S Alabama,0.127,0.243,0.635,0.532,0.365,0.345,0.698,0.219,0.655,68.7,107.2,110.1,112.1
S Carolina St,0.203,0.27,0.667,0.448,0.333,0.34,0.632,0.293,0.668,71.8,95.3,118.7,112.9
S Dakota St,0.158,0.243,0.612,0.527,0.388,0.34,0.765,0.282,0.72,69.6,108,112.6,111.1
S Florida,0.146,0.254,0.562,0.52,0.438,0.325,0.709,0.358,0.746,77.1,117.6,100.7,107.8
S Illinois,0.166,0.233,0.708,0.522,0.292,0.278,0.756,0.296,0.683,72.4,103.7,99.4,108.4
S Indiana,0.166,0.249,0.603,0.43,0.397,0.299,0.686,0.286,0.666,71.3,95.5,114.3,112.1
S Utah,0.198,0.241,0.645,0.514,0.355,0.33,0.682,0.264,0.715,72.9,106.6,113.8,106.7
Sacramento St,0.138,0.258,0.644,0.466,0.356,0.319,0.69,0.239,0.781,74,105.9,114.4,109.4
Sacred Heart,0.173,0.222,0.493,0.504,0.507,0.357,0.702,0.266,0.78,70.1,107.4,118.8,111.7
Saint Joseph's,0.164,0.212,0.549,0.517,0.451,0.308,0.716,0.297,0.738,70.1,107.8,102.1,107.3
Saint Louis,0.169,0.224,0.549,0.595,0.451,0.399,0.746,0.288,0.741,73.6,120.3,100.8,107.4
Saint Mary's,0.164,0.267,0.636,0.498,0.364,0.387,0.787,0.363,0.803,67.7,119.2,97.3,106.6
Saint Peter's,0.173,0.263,0.613,0.462,0.387,0.31,0.666,0.359,0.736,67.7,103.2,110.5,112
Sam Houston,0.163,0.238,0.642,0.506,0.358,0.372,0.72,0.33,0.716,72.7,113.9,108.6,109.6
Samford,0.131,0.28,0.543,0.528,0.457,0.356,0.758,0.224,0.692,70.9,109.8,113.6,114
San Diego,0.172,0.227,0.563,0.508,0.437,0.346,0.66,0.259,0.747,70.9,108.2,113.4,107.6
San Diego St,0.169,0.249,0.662,0.532,0.338,0.345,0.708,0.283,0.73,72,113.7,96.9,105.6
San Francisco,0.153,0.279,0.539,0.507,0.461,0.346,0.746,0.298,0.709,69.2,113.7,109.7,107
San Jose St,0.148,0.245,0.617,0.476,0.383,0.353,0.65,0.274,0.738,67.4,112.5,117.2,105.7
Santa Clara,0.151,0.218,0.55,0.561,0.45,0.349,0.695,0.346,0.744,71.3,123.8,104.7,105.7
SC Upstate,0.177,0.241,0.644,0.489,0.356,0.314,0.704,0.26,0.681,72.3,99.2,111.4,111.7
SE Louisiana,0.18,0.271,0.605,0.494,0.395,0.284,0.706,0.269,0.684,67.3,99.8,110.3,109
SE Missouri St,0.166,0.256,0.64,0.518,0.36,0.309,0.729,0.283,0.695,71.2,102.2,108.2,112.3
Seattle,0.164,0.247,0.606,0.493,0.394,0.337,0.714,0.22,0.706,70.7,102.6,97.4,109.2
Seton Hall,0.162,0.256,0.732,0.483,0.268,0.305,0.709,0.335,0.723,68.3,110.8,94.7,104.9
SF Austin,0.138,0.225,0.602,0.504,0.398,0.358,0.734,0.318,0.686,68.4,112.7,104.1,109.7
Siena,0.155,0.249,0.678,0.525,0.322,0.306,0.715,0.302,0.771,65.8,107.8,108.9,112.2
SIU Edward,0.174,0.224,0.638,0.478,0.362,0.35,0.711,0.28,0.671,68.1,99.5,107.2,113.4
SMU,0.152,0.235,0.641,0.556,0.359,0.371,0.716,0.328,0.743,73.2,122.7,105.9,105.1
South Carolina,0.141,0.247,0.556,0.532,0.444,0.311,0.69,0.251,0.781,70.2,112.7,105.1,105.9
South Dakota,0.162,0.278,0.641,0.507,0.359,0.323,0.712,0.262,0.742,74.1,104.3,114.8,112.9
Southern,0.162,0.258,0.678,0.478,0.322,0.347,0.701,0.295,0.695,73.7,104.9,114.4,111.5
Southern Miss,0.18,0.268,0.713,0.513,0.287,0.289,0.728,0.308,0.736,71.7,105.3,109.6,111
St Bonaventure,0.165,0.229,0.687,0.508,0.313,0.374,0.722,0.32,0.747,69.8,113.9,111.5,107.8
St Francis PA,0.18,0.234,0.622,0.475,0.378,0.342,0.681,0.249,0.695,71.8,99.6,121.9,111.9
St John's,0.14,0.273,0.648,0.515,0.352,0.335,0.734,0.329,0.722,73,121,93.9,102.8
St Thomas,0.141,0.245,0.537,0.63,0.463,0.36,0.755,0.202,0.687,71.1,112.9,108,112.7
Stanford,0.151,0.261,0.56,0.505,0.44,0.352,0.723,0.301,0.732,69.8,117,104.2,104.9
Stetson,0.178,0.237,0.553,0.525,0.447,0.36,0.692,0.248,0.692,69.4,105.3,117.8,112.6
Stonehill,0.19,0.212,0.595,0.465,0.405,0.317,0.756,0.259,0.685,69.3,91.8,109.1,113.5
Stony Brook,0.163,0.227,0.542,0.485,0.458,0.348,0.703,0.246,0.723,69.5,105.2,110.9,110
Syracuse,0.155,0.255,0.628,0.546,0.372,0.329,0.69,0.262,0.648,71.1,114.5,105.2,104
Tarleton St,0.195,0.276,0.758,0.482,0.242,0.325,0.659,0.283,0.742,73,104.3,108.8,107.3
TCU,0.149,0.259,0.632,0.508,0.368,0.332,0.732,0.32,0.704,72,115,97.6,103.9
Temple,0.133,0.27,0.643,0.5,0.357,0.336,0.733,0.262,0.747,67.9,112,111.2,109.1
Tenn Tech,0.187,0.237,0.635,0.501,0.365,0.311,0.698,0.286,0.762,69.7,102.5,116,111.3
Tennessee,0.169,0.266,0.679,0.52,0.321,0.334,0.755,0.441,0.691,70,121.4,94.4,103.5
Tennessee St,0.162,0.229,0.693,0.5,0.307,0.333,0.721,0.323,0.76,73.1,109.2,111.3,111.3
Texas,0.147,0.295,0.642,0.548,0.358,0.351,0.763,0.341,0.744,70.3,124.9,104.4,103.3
Texas A&M,0.144,0.245,0.538,0.538,0.462,0.359,0.684,0.296,0.738,75.3,119.4,100.7,105.3
Texas A&M-CC,0.189,0.27,0.686,0.481,0.314,0.35,0.731,0.282,0.674,68.7,104.9,105.2,109
Texas So,0.182,0.245,0.675,0.498,0.325,0.331,0.71,0.273,0.719,73.4,101.9,115.1,112.6
Texas St,0.182,0.228,0.754,0.505,0.246,0.322,0.742,0.321,0.762,69.9,104.1,110.7,112.4
Texas Tech,0.154,0.233,0.524,0.539,0.476,0.391,0.711,0.321,0.715,69.7,124.9,100.4,102.9
The Citadel,0.159,0.227,0.522,0.51,0.478,0.32,0.697,0.26,0.665,67.7,100.8,120.9,113.7
Toledo,0.144,0.235,0.675,0.54,0.325,0.37,0.672,0.271,0.752,71,114.5,111.5,110.8
Towson,0.155,0.225,0.651,0.478,0.349,0.294,0.725,0.348,0.689,65.9,105.8,105,110.2
Troy,0.168,0.237,0.541,0.532,0.459,0.33,0.699,0.326,0.742,71.4,110.4,109.2,110.6
Tulane,0.15,0.26,0.55,0.505,0.45,0.32,0.664,0.192,0.767,70.5,107.9,111.3,108.1
Tulsa,0.151,0.261,0.532,0.532,0.468,0.389,0.731,0.304,0.78,71.7,120.5,106.8,108.2
UAB,0.122,0.237,0.695,0.513,0.305,0.278,0.747,0.301,0.706,73.2,110.2,106.4,109.5
UC Davis,0.175,0.274,0.565,0.519,0.435,0.344,0.709,0.225,0.753,73.4,108,107.3,108.7
UC Irvine,0.173,0.248,0.72,0.491,0.28,0.336,0.712,0.289,0.697,73.4,104.6,98.9,109.5
UC Riverside,0.186,0.24,0.617,0.499,0.383,0.316,0.719,0.258,0.742,72.6,104,111.9,108.1
UCF,0.156,0.236,0.652,0.517,0.348,0.362,0.729,0.331,0.729,72.9,120,105.1,103.3
UCLA,0.131,0.261,0.645,0.514,0.355,0.379,0.687,0.288,0.763,68.1,122.8,101.6,103.8
UConn,0.162,0.25,0.597,0.572,0.403,0.346,0.742,0.339,0.719,68,122.9,93.7,102.8
UCSB,0.183,0.256,0.559,0.536,0.441,0.374,0.772,0.298,0.775,69.7,113.8,110.8,108.7
UCSD,0.161,0.225,0.577,0.55,0.423,0.328,0.748,0.238,0.693,71.3,107.8,103.5,109.2
UL Monroe,0.165,0.258,0.581,0.474,0.419,0.322,0.651,0.221,0.727,72.9,101.3,122.4,110.5
UMass,0.174,0.256,0.646,0.532,0.354,0.352,0.765,0.314,0.673,74.5,108.7,111.5,111.7
UMass Lowell,0.176,0.231,0.687,0.505,0.313,0.322,0.726,0.304,0.657,70.6,102.6,117.3,113.1
UMBC,0.138,0.23,0.612,0.541,0.388,0.361,0.763,0.226,0.76,68.3,108.9,110.8,115.3
UNLV,0.167,0.268,0.636,0.54,0.364,0.352,0.71,0.291,0.677,72.9,114.9,108.5,105.6
USC,0.17,0.278,0.659,0.518,0.341,0.317,0.697,0.304,0.726,74.1,113.8,102.8,104.3
UT Arlington,0.202,0.264,0.693,0.488,0.307,0.291,0.735,0.331,0.723,69.2,102.7,101.6,108.5
UT Martin,0.209,0.259,0.529,0.515,0.471,0.303,0.701,0.357,0.677,67.9,100.5,105.4,111.9
UT Rio Grande,0.179,0.227,0.563,0.545,0.437,0.368,0.71,0.26,0.763,69.2,111.1,106.5,109.2
Utah,0.163,0.222,0.625,0.515,0.375,0.353,0.709,0.265,0.738,70.3,114.7,111.2,103.7
Utah St,0.147,0.26,0.592,0.596,0.408,0.343,0.694,0.308,0.71,70.3,123,101.4,105
Utah Tech,0.173,0.232,0.618,0.537,0.382,0.35,0.674,0.265,0.726,71.3,111,112.9,106.9
Utah Valley,0.196,0.26,0.671,0.569,0.329,0.34,0.722,0.326,0.685,72,112.9,104.3,107.6
UTEP,0.17,0.228,0.597,0.465,0.403,0.339,0.684,0.245,0.704,67.9,101,110.4,109.1
UTSA,0.17,0.215,0.587,0.455,0.413,0.292,0.627,0.272,0.698,71.6,99.9,118.2,108.4
Valparaiso,0.152,0.277,0.632,0.458,0.368,0.339,0.725,0.303,0.709,69.5,108,107.4,108.8
Vanderbilt,0.131,0.262,0.558,0.569,0.442,0.356,0.716,0.29,0.789,72.8,127.1,99.8,103.2
VCU,0.147,0.278,0.562,0.53,0.438,0.363,0.732,0.306,0.736,71.3,119.2,101.8,106.5
Vermont,0.141,0.248,0.554,0.557,0.446,0.333,0.796,0.243,0.719,66.5,106.2,112.6,114.1
Villanova,0.147,0.239,0.543,0.54,0.457,0.357,0.699,0.3,0.689,69.1,120.7,100.7,104.3
Virginia,0.155,0.25,0.533,0.549,0.467,0.362,0.735,0.368,0.728,69.5,122.8,97.1,105.6
Virginia Tech,0.146,0.252,0.603,0.515,0.397,0.355,0.695,0.306,0.743,71.4,117.1,103.8,105.6
VMI,0.149,0.233,0.464,0.479,0.536,0.315,0.646,0.234,0.722,69.4,98.7,124.9,114.1
W Carolina,0.164,0.221,0.591,0.506,0.409,0.335,0.757,0.333,0.714,71.1,109.3,114.8,112.8
W Georgia,0.154,0.233,0.67,0.496,0.33,0.331,0.743,0.293,0.704,73,101.6,114.3,115.5
W Illinois,0.172,0.249,0.667,0.435,0.333,0.309,0.655,0.244,0.662,68.7,92.9,121.5,111.5
W Kentucky,0.141,0.255,0.606,0.458,0.394,0.334,0.738,0.295,0.757,73.7,108.8,108.5,110.4
W Michigan,0.164,0.24,0.639,0.481,0.361,0.353,0.733,0.277,0.744,71.3,107.8,117.1,110
Wagner,0.181,0.242,0.638,0.467,0.362,0.365,0.724,0.305,0.726,68.1,102.6,115.3,112.4
Wake Forest,0.152,0.252,0.564,0.539,0.436,0.341,0.685,0.282,0.776,71.7,116.9,106.4,105.2
Washington,0.15,0.232,0.654,0.534,0.346,0.315,0.742,0.331,0.764,70.3,117.5,102.2,104.9
Washington St,0.18,0.234,0.552,0.546,0.448,0.365,0.743,0.272,0.745,70.5,114,111.9,106.1
Weber St,0.154,0.26,0.672,0.516,0.328,0.345,0.745,0.299,0.729,72.3,111.5,114.4,110.6
West Virginia,0.168,0.243,0.575,0.529,0.425,0.323,0.73,0.292,0.684,66.6,110.4,97,105.1
Wichita St,0.145,0.251,0.662,0.49,0.338,0.335,0.749,0.372,0.692,71.4,113.1,101.5,108.6
William & Mary,0.162,0.279,0.572,0.579,0.428,0.33,0.695,0.239,0.749,75,111,109.7,110.6
Winthrop,0.143,0.31,0.559,0.497,0.441,0.332,0.748,0.322,0.729,74.1,111.8,110.5,111.7
Wisconsin,0.125,0.242,0.479,0.547,0.521,0.362,0.734,0.27,0.788,71.5,125.2,102.1,103.6
Wofford,0.131,0.244,0.569,0.525,0.431,0.35,0.733,0.282,0.709,70.2,109.3,116.5,115.7
Wright St,0.157,0.26,0.658,0.542,0.342,0.364,0.726,0.308,0.747,70.8,112.6,110.2,113.3
Wyoming,0.159,0.265,0.57,0.536,0.43,0.33,0.746,0.326,0.743,69.2,114.9,107.1,107.6
Xavier,0.136,0.213,0.594,0.498,0.406,0.365,0.735,0.244,0.729,73.5,117.1,109.3,102.7
Yale,0.137,0.265,0.639,0.536,0.361,0.394,0.725,0.321,0.746,67.9,120.2,110.2,110.3
Youngstown St,0.184,0.237,0.505,0.566,0.495,0.337,0.712,0.287,0.733,70.4,105.6,109.5,113.5